#{"t_start": 1771565922.632915, "env_id": "None"}
r,l,t
-140558.6,200,11.36836
-1628404.2,200,20.587379
-1673731.2,200,29.893163
-1660245.8,200,37.767762
-1642314.6,200,45.747702
-1721362.1,200,54.404681
-151559.8,200,61.840556
-653778.3,200,70.824077
-1722221.0,200,80.512585
-711694.9,200,88.161888
-1650844.8,200,95.350273
-1666843.3,200,104.463135
-667589.3,200,113.550188
-669890.2,200,120.830462
-663604.9,200,129.421373
-673353.1,200,137.765128
-1623175.8,200,147.941289
-1715937.1,200,159.364071
-1712072.4,200,171.83684
-1657697.8,200,182.869434
-1656416.8,200,201.014104
-1665966.2,200,211.919696
-656564.3,200,222.239122
-120578.5,200,232.088274
-1663607.9,200,243.499412
-709862.3,200,254.150762
-1607810.1,200,264.528323
-1659965.7,200,276.233447
-1827809.6,200,288.776707
-1613227.4,200,300.85557
-656434.8,200,310.595297
-147924.7,200,318.950928
-1729742.5,200,329.139095
-640246.6,200,338.50646
-1659662.0,200,349.382988
-652584.1,200,360.561392
-673176.7,200,371.510839
-1665777.2,200,382.316664
-1664891.7,200,392.813794
-1735626.7,200,401.283006
-1720564.1,200,412.500289
-1740644.3,200,420.396786
-153187.3,200,427.624042
-2152480.2,200,436.486783
-1645368.7,200,444.023826
-1712590.4,200,451.590124
-1602548.9,200,458.565048
-639251.2,200,465.630983
-722520.4,200,474.489094
-1663110.8,200,482.278531
-1611389.2,200,491.48206
-1652022.2,200,501.684183
-721106.4,200,511.352209
-1726118.6,200,520.690586
-1621827.0,200,529.421871
-140132.3,200,537.249867
-1668518.4,200,546.155983
-1696345.5,200,555.929338
-1646359.9,200,565.142046
-673974.7,200,574.30197
-177162.3,200,584.74297
-1714379.6,200,600.609613
-1650653.8,200,611.827556
-1657097.2,200,622.500277
-744879.1,200,633.561965
-659210.3,200,644.309972
-1644637.2,200,655.011151
-1736057.2,200,666.059503
-1635698.9,200,677.098799
-1647469.4,200,688.848217
-1665282.3,200,701.108185
-1621425.2,200,710.681916
-744743.3,200,720.68233
-1659373.6,200,729.900905
-1711114.1,200,740.307393
-734652.8,200,750.706491
-1667988.5,200,760.980032
-1700600.7,200,771.829665
-1653188.4,200,782.123272
-173555.9,200,790.768008
-749725.2,200,800.379549
-1991496.2,200,814.476954
-1737301.1,200,823.718482
-1687387.5,200,833.385705
-1667405.3,200,844.257081
-1731553.4,200,853.401672
-1648541.1,200,860.551231
-1661054.3,200,867.843349
-1662167.3,200,874.560024
-894520.2,200,881.4248
-1634586.7,200,888.228262
-1727956.8,200,895.255958
-1676158.1,200,902.201922
-1737705.0,200,909.042119
-1709421.5,200,915.686093
-1747498.6,200,922.486257
-1612978.2,200,928.807217
-2059474.6,200,935.876304
-1735873.8,200,943.166623
-735842.1,200,950.400106
-1657025.1,200,957.142452
-106089.9,200,963.609141
-1662013.2,200,974.297816
-1677382.4,200,980.904249
-1664151.1,200,987.833417
-1824680.7,200,994.684476
-530070.1,200,1001.438998
-1647812.4,200,1008.01117
-651137.2,200,1014.511804
-1729606.0,200,1021.684072
-728889.0,200,1028.454518
-680395.1,200,1034.932129
-637164.5,200,1041.353666
-1679596.5,200,1048.431248
-1716074.4,200,1055.006838
-976649.1,200,1062.025583
-632985.5,200,1068.892112
-1617233.6,200,1075.973456
-663334.7,200,1083.008993
-1670130.4,200,1089.914569
-1670976.1,200,1096.91519
-1651189.9,200,1103.941929
-724697.4,200,1114.751158
-143749.2,200,1120.808587
-2357674.0,200,1128.389433
-1671920.4,200,1138.885445
-1656446.9,200,1148.061736
-1726024.1,200,1157.689052
-1586549.1,200,1166.588443
-741428.1,200,1177.215306
-938786.8,200,1187.702012
-1635980.3,200,1197.193842
-1723444.6,200,1206.614314
-711641.7,200,1214.553276
-148931.3,200,1222.819967
-1675049.3,200,1231.510701
-1619008.1,200,1241.667702
-166913.4,200,1250.909285
-1636391.2,200,1258.603543
-655944.8,200,1265.967289
-1944419.8,200,1274.411515
-1599627.1,200,1281.539122
-1667441.8,200,1288.663918
-1716344.4,200,1299.657357
-666234.1,200,1306.952379
-665626.5,200,1313.844865
-718622.1,200,1321.044897
-1591393.7,200,1327.606378
-731054.1,200,1334.743789
-747739.2,200,1341.637861
-1659232.9,200,1348.207982
-595711.2,200,1354.929621
-713438.6,200,1361.516354
-159731.6,200,1368.658238
-675235.4,200,1377.763757
-715399.3,200,1386.34336
-1743094.9,200,1395.374597
-1647883.0,200,1402.665226
-1583023.8,200,1409.52669
-1664307.2,200,1416.331742
-680935.5,200,1423.469646
-649143.6,200,1430.767215
-652431.5,200,1438.830461
-723854.6,200,1450.000506
-1667127.5,200,1458.1485
-1663774.5,200,1465.647084
-684999.0,200,1473.790012
-1698884.4,200,1482.348301
-1663033.2,200,1490.727086
-613825.1,200,1498.977179
-1738652.1,200,1508.685085
-1703507.2,200,1517.252872
-1606779.7,200,1524.765422
-1711041.3,200,1532.022947
-1661982.5,200,1539.628926
-198247.0,200,1548.489454
-1723500.6,200,1556.051293
-1158220.7,200,1565.335011
-667723.7,200,1573.089839
-1724984.6,200,1581.28424
-665264.6,200,1588.629601
-1653443.2,200,1596.346301
-732792.9,200,1604.457497
-705196.8,200,1613.068706
-1674266.8,200,1629.159858
-1667635.0,200,1637.60729
-658244.3,200,1645.460197
-1635911.7,200,1653.358202
-1627910.0,200,1660.760899
-732004.7,200,1668.076401
-610616.3,200,1675.290759
-677786.2,200,1682.362666
-1715974.2,200,1689.640526
-1713234.4,200,1696.946025
-1740881.6,200,1704.633347
-653664.9,200,1711.818999
-1672729.6,200,1718.931346
-672345.1,200,1726.132925
-1666799.9,200,1733.197283
-1857206.9,200,1741.520825
-1621730.4,200,1748.638058
-122927.7,200,1755.640207
-614373.2,200,1762.956539
-666810.2,200,1770.021103
-1644122.0,200,1780.95775
-1720795.7,200,1788.813742
-1608018.0,200,1795.975669
-624383.8,200,1803.104173
-647420.9,200,1810.226437
-1808343.3,200,1817.391522
-1636292.5,200,1824.774408
-1658862.6,200,1831.843411
-680157.1,200,1838.938593
-1652216.1,200,1846.123308
-1738719.3,200,1853.523481
-1640615.0,200,1860.875123
-1671863.7,200,1868.095517
-726870.2,200,1875.133189
-1679446.7,200,1882.221928
-735030.1,200,1889.597939
-662161.5,200,1896.482366
-719046.1,200,1903.677071
-1632370.5,200,1910.873655
-627050.9,200,1918.421684
-1287153.0,200,1927.384968
-1646518.9,200,1939.943577
-1686575.5,200,1947.046339
-1666092.2,200,1954.676517
-1725654.5,200,1962.578258
-1742882.2,200,1970.02701
-1706138.5,200,1977.112464
-1668176.8,200,1984.158829
-2071153.4,200,1991.859815
-723093.7,200,1999.197679
-1797468.8,200,2006.728996
-1671853.2,200,2014.191144
-1719831.2,200,2021.58001
-681895.9,200,2028.919791
-1698830.5,200,2036.108233
-724487.4,200,2043.450201
-118758.5,200,2050.359969
-1560709.9,200,2057.581937
-1710180.4,200,2064.694408
-1714098.9,200,2072.040402
-657612.9,200,2079.006642
-651702.1,200,2089.894319
-1725103.6,200,2097.014869
-1701523.5,200,2104.446278
-710002.3,200,2111.641751
-1717754.3,200,2118.709535
-1703672.4,200,2126.227851
-1726173.2,200,2133.328462
-1742157.0,200,2140.568867
-1715949.7,200,2147.43096
-1630830.3,200,2154.515313
-730288.3,200,2161.787071
-1730109.2,200,2168.648946
-634180.4,200,2176.619491
-1726936.2,200,2184.907692
-1673879.7,200,2192.875045
-1648458.5,200,2202.177538
-1940845.0,200,2212.85477
-707616.7,200,2222.235685
-664427.4,200,2231.722608
-1677864.8,200,2240.704976
-1666937.7,200,2248.961157
-202287.4,200,2261.478314
-745332.7,200,2269.408596
-1720015.3,200,2277.062427
-1664695.7,200,2284.734665
-1607812.3,200,2292.074188
-1723044.2,200,2299.321274
-659785.0,200,2306.323375
-1753475.2,200,2315.8986
-730578.8,200,2323.755206
-1672084.8,200,2331.269917
-1648266.7,200,2338.518968
-686562.1,200,2345.663868
-1724304.9,200,2353.956379
-1624932.9,200,2361.500758
-1671118.2,200,2369.963153
-723988.3,200,2377.718709
-1652522.0,200,2385.302626
-1728832.5,200,2392.38258
-116274.9,200,2399.275106
-2234253.5,200,2408.898587
-672222.6,200,2419.984147
-732165.0,200,2427.817974
-1603158.6,200,2435.30364
-835139.9,200,2442.953939
-727689.2,200,2450.444753
-1748888.1,200,2458.030974
-1656829.1,200,2465.565484
-1662163.1,200,2472.87533
-1663968.4,200,2480.054226
-1640304.2,200,2487.492082
-659917.3,200,2494.894215
-1669427.7,200,2502.078868
-673744.4,200,2509.185531
-1680587.7,200,2516.247328
-1842973.1,200,2523.609445
-1943978.1,200,2531.129422
-1669342.9,200,2538.411007
-1667092.4,200,2545.487108
-1674627.3,200,2553.792183
-1650902.2,200,2561.077725
-669487.0,200,2568.359915
-1603206.9,200,2580.432319
-1729357.5,200,2587.71505
-668529.3,200,2594.830407
-642090.4,200,2602.064369
-144906.3,200,2609.057434
-149992.5,200,2615.860615
-165140.4,200,2622.594296
-651259.0,200,2630.066909
-140707.0,200,2637.061317
-1664648.1,200,2644.596526
-1677748.5,200,2651.795578
-1702510.4,200,2659.348789
-659636.5,200,2666.990551
-118132.0,200,2674.059979
-678279.0,200,2681.372277
-724037.3,200,2689.029114
-664624.1,200,2696.471329
-146505.1,200,2703.656527
-1734041.2,200,2711.824266
-1735171.1,200,2720.346433
-674702.0,200,2731.677336
-137010.3,200,2738.933482
-1751990.5,200,2746.496905
-1056813.1,200,2755.923057
-721984.9,200,2763.322355
-1673115.3,200,2770.868668
-1730483.9,200,2778.71285
-700697.2,200,2786.237456
-1718269.5,200,2793.809163
-1675178.2,200,2801.231994
-1697111.3,200,2808.93745
-1649526.7,200,2816.338887
-1670278.1,200,2824.206337
-1736366.6,200,2831.766325
-641333.7,200,2839.327982
-1304325.3,200,2848.329124
-1660128.9,200,2855.514886
-1651909.5,200,2862.760223
-1667230.4,200,2870.416005
-1740728.3,200,2877.575326
-668908.8,200,2885.283025
-1624969.3,200,2896.044082
-1717448.4,200,2903.044802
-668452.4,200,2909.693072
-1794083.0,200,2917.164373
-1665335.5,200,2924.19888
-734013.0,200,2931.274474
-1729484.2,200,2938.836972
-1714809.4,200,2946.070191
-1664844.7,200,2953.483793
-1678834.2,200,2960.616227
-671437.2,200,2967.81407
-127778.7,200,2975.06225
-1644670.8,200,2982.505445
-1645879.0,200,2991.090578
-1740811.6,200,2999.585064
-591518.9,200,3007.426061
-1646186.3,200,3014.732399
-1672643.4,200,3022.867979
-724369.8,200,3030.341061
-133758.8,200,3037.46769
-663531.4,200,3048.674187
-134103.1,200,3056.107214
-723299.4,200,3063.844084
-1727232.3,200,3071.591744
-160309.1,200,3078.448073
-726658.1,200,3086.049836
-1672648.3,200,3093.067923
-1675312.6,200,3099.844521
-1666658.4,200,3106.05455
-1663691.2,200,3109.948588
-733672.8,200,3113.980991
-1738119.4,200,3117.945573
-1730965.3,200,3121.881971
-1643219.0,200,3126.032175
-1711138.6,200,3130.124326
-161112.5,200,3134.045513
-1576375.3,200,3138.064767
-1633937.0,200,3142.083881
-1622725.1,200,3146.168285
-108425.1,200,3150.259087
-1743004.0,200,3154.3215
-671897.7,200,3160.830434
-1548838.0,200,3164.872934
-1719543.5,200,3168.939664
-665288.4,200,3172.963078
-1662952.7,200,3177.272089
-680819.3,200,3181.083786
-1690976.5,200,3185.196371
-155297.8,200,3189.292902
-1621309.7,200,3193.433176
-1734054.5,200,3197.479517
-1613420.0,200,3201.535313
-731015.6,200,3205.730736
-1722843.9,200,3209.957706
-1600586.1,200,3213.925564
-1656642.2,200,3218.149951
-632905.7,200,3222.321818
-630172.2,200,3226.243776
-737350.5,200,3230.34444
-1666323.8,200,3234.23019
-651758.8,200,3238.39712
-1646198.2,200,3245.350529
-117664.4,200,3249.354151
-660430.4,200,3253.565488
-1699885.4,200,3257.710499
-1657867.9,200,3261.674775
-645141.7,200,3265.825682
-597036.3,200,3269.89483
-680409.8,200,3274.181206
-1735689.0,200,3278.539558
-884907.1,200,3282.626827
-140865.2,200,3286.566149
-1681954.2,200,3290.90816
-1664354.8,200,3294.933955
-1610517.7,200,3299.08362
-1731803.3,200,3303.185647
-1737117.0,200,3307.231579
-1724883.8,200,3311.379761
-1664101.3,200,3315.291105
-706636.0,200,3319.567784
-1659694.2,200,3323.678293
-1597827.5,200,3327.831111
-683561.3,200,3334.522406
-737510.9,200,3338.671303
-1644928.4,200,3342.739952
-111230.0,200,3346.746873
-635534.2,200,3350.711478
-675353.7,200,3354.89046
-726369.0,200,3358.973135
-1706353.4,200,3363.121082
-664021.4,200,3367.365986
-1615724.4,200,3371.226056
-711904.9,200,3375.288593
-1125737.8,200,3379.603325
-1651917.8,200,3383.944111
-1670758.3,200,3388.01686
-1738099.8,200,3391.98398
-1732884.8,200,3396.467913
-662461.1,200,3400.260948
-1703048.0,200,3404.321821
-724376.1,200,3408.394723
-678268.5,200,3412.280601
-1657978.5,200,3418.828859
-137109.0,200,3422.827765
-1613116.9,200,3426.764181
-1658791.9,200,3430.702455
-676107.6,200,3434.90654
-739784.5,200,3438.958721
-1612524.6,200,3442.984657
-697671.8,200,3447.132658
-991216.8,200,3451.419701
-652363.4,200,3455.844366
-632570.4,200,3460.095886
-1739306.7,200,3464.357747
-1641751.8,200,3468.416799
-1670790.6,200,3472.496532
-729113.0,200,3476.651968
-678165.6,200,3480.909905
-1752141.7,200,3485.405
-1727667.6,200,3489.759287
-2009011.7,200,3494.006577
-735856.8,200,3498.330646
-1672892.6,200,3502.635087
-147427.7,200,3509.484744
-659766.8,200,3513.731666
-1675304.8,200,3517.73994
-156158.1,200,3521.768658
-1726719.9,200,3526.245472
-1671870.7,200,3530.709979
-1659076.1,200,3534.974135
-2070887.4,200,3539.27135
-1735905.2,200,3543.534386
-730628.5,200,3547.843453
-174615.0,200,3551.982196
-676582.1,200,3556.092095
-1676895.9,200,3560.177387
-1668349.0,200,3564.311025
-1654106.1,200,3568.434949
-726609.1,200,3572.643138
-1750347.6,200,3577.018177
-1617893.0,200,3581.097212
-657180.1,200,3585.524303
-1646040.0,200,3590.15397
-738784.2,200,3597.248944
-643192.9,200,3601.552331
-1653518.1,200,3605.65774
-1723505.5,200,3610.102419
-657051.5,200,3614.498824
-1696851.6,200,3618.90968
-664591.9,200,3622.95218
-708817.1,200,3627.11181
-712864.6,200,3631.379627
-670804.4,200,3635.426266
-698038.6,200,3639.56331
-1619104.6,200,3644.023282
-629715.1,200,3648.260511
-637696.5,200,3652.619999
-1634872.1,200,3656.895566
-1667244.4,200,3661.170143
-146195.0,200,3665.275529
-654781.4,200,3669.607683
-661848.6,200,3673.914001
-128717.4,200,3678.021501
-662111.1,200,3682.402402
-1744059.6,200,3689.50947
-673866.9,200,3693.758249
-1740929.1,200,3698.1736
-735305.2,200,3702.551691
-1706002.7,200,3706.690614
-731672.2,200,3710.988221
-1721240.3,200,3715.223329
-1738227.2,200,3719.623186
-1656953.0,200,3723.802903
-1667550.9,200,3728.009977
-1615455.6,200,3732.367843
-1665364.2,200,3736.653455
-723615.9,200,3740.96222
-709903.6,200,3745.253817
-1650062.9,200,3749.451546
-730788.8,200,3753.71703
-675075.0,200,3757.94813
-1733418.2,200,3762.181249
-637762.3,200,3766.411402
-1668014.4,200,3770.467723
-1704369.6,200,3777.418012
-1696519.8,200,3781.812997
-1603671.7,200,3786.011551
-1650943.5,200,3790.240593
-1740276.1,200,3794.424598
-1653741.4,200,3798.697886
-742872.0,200,3803.015303
-1667884.1,200,3807.038153
-1735989.9,200,3811.227807
-136518.2,200,3815.188354
-1657419.2,200,3819.497065
-1619835.5,200,3823.889398
-119291.9,200,3827.891193
-734389.5,200,3832.082645
-905250.5,200,3836.39396
-925089.2,200,3840.682844
-1738358.0,200,3845.053886
-129930.5,200,3849.253339
-140943.4,200,3853.527103
-610592.4,200,3857.664029
-653921.8,200,3864.647615
-712602.0,200,3868.904484
-1710202.7,200,3873.329463
-1705363.6,200,3877.511559
-1670927.8,200,3881.555437
-121633.4,200,3885.575563
-1715136.3,200,3889.933359
-1660283.6,200,3894.151758
-1742311.0,200,3898.377604
-638027.6,200,3902.417131
-1595343.8,200,3906.832323
-719218.5,200,3911.170549
-1629937.9,200,3915.513485
-732457.6,200,3919.634234
-1616738.7,200,3923.921218
-1669539.0,200,3928.154713
-1661623.4,200,3932.515986
-1729338.6,200,3936.958617
-133803.5,200,3941.145954
-1720719.5,200,3945.48313
-1714007.2,200,3949.942048
-1674419.3,200,3957.1901
-712246.5,200,3961.35498
-2243392.0,200,3965.931864
-1729492.5,200,3970.180593
-653457.7,200,3974.448964
-674478.7,200,3978.829516
-650405.7,200,3983.070307
-1651322.1,200,3987.364497
-660842.7,200,3991.467147
-137710.3,200,3995.384229
-1664604.7,200,3999.440042
-672819.0,200,4003.627889
-713416.9,200,4008.150143
-727370.0,200,4012.313924
-1691845.9,200,4016.710167
-1746816.1,200,4021.138197
-1665260.6,200,4025.474868
-707338.1,200,4029.561622
-140578.2,200,4033.462382
-1661181.0,200,4037.58811
-1614862.6,200,4044.83483
-1710577.2,200,4049.338211
-1634403.2,200,4053.738898
-1719282.4,200,4058.107565
-174204.8,200,4062.157706
-669132.1,200,4066.501356
-1607374.8,200,4070.745998
-1543696.4,200,4074.866329
-1725583.8,200,4079.249724
-1722127.2,200,4083.69697
-1734384.2,200,4088.015142
-1643926.7,200,4092.307319
-140698.6,200,4096.457454
-1737640.6,200,4100.502483
-692344.1,200,4104.888118
-1737898.2,200,4109.116591
-655867.1,200,4113.403721
-1724109.6,200,4117.808165
-647026.8,200,4121.957498
-1729277.0,200,4125.870719
-1667864.6,200,4129.958319
-656107.9,200,4136.89725
-1640375.6,200,4141.143465
-1615886.7,200,4145.66234
-717014.2,200,4149.988233
-1718347.9,200,4154.232016
-1623449.5,200,4158.493089
-1656342.6,200,4162.97111
-142387.7,200,4167.170266
-1733145.2,200,4171.630339
-1704692.3,200,4176.002939
-617142.4,200,4180.332399
-1714171.0,200,4184.723635
-1637235.4,200,4189.001395
-1912421.4,200,4193.277234
-2238409.4,200,4197.726509
-1718067.9,200,4202.091904
-2293285.9,200,4206.584531
-1670803.9,200,4210.720361
-1654809.6,200,4214.97947
-1618205.8,200,4219.422175
-2129091.1,200,4226.650465
-162871.1,200,4230.859645
-144966.5,200,4235.065694
-1709759.6,200,4239.471155
-698273.1,200,4243.782461
-675106.6,200,4248.159134
-637377.3,200,4252.319858
-1703968.5,200,4256.530292
-1689170.5,200,4260.785149
-711686.5,200,4265.153591
-982541.0,200,4269.497768
-659310.4,200,4273.737947
-143208.5,200,4277.833429
-2079461.8,200,4282.403363
-1582396.6,200,4286.893549
-669934.3,200,4291.086121
-1655967.4,200,4295.427876
-1714920.0,200,4299.84597
-737590.0,200,4304.324245
-1701650.1,200,4308.645577
-1673783.1,200,4312.929555
-1659383.3,200,4320.128601
-733012.7,200,4324.413126
-131868.8,200,4328.661277
-721788.2,200,4333.045764
-648223.8,200,4337.4591
-1776672.6,200,4341.601542
-573579.3,200,4345.956182
-130739.0,200,4350.041983
-1663059.8,200,4354.328701
-710006.5,200,4358.711231
-698624.5,200,4363.040068
-155433.6,200,4367.226229
-162277.5,200,4371.177868
-1637490.2,200,4375.380531
-651582.4,200,4379.461746
-640147.2,200,4383.771619
-1633583.4,200,4388.127995
-631801.8,200,4392.529891
-1693222.1,200,4396.80386
-658509.6,200,4400.852114
-1719661.1,200,4407.730267
-1602193.3,200,4412.065044
-1731523.3,200,4416.394769
-1675334.3,200,4420.906934
-654649.8,200,4425.139894
-1907632.0,200,4429.592909
-1693914.4,200,4433.778924
-734501.6,200,4437.990105
-720869.8,200,4442.279491
-1638483.5,200,4446.304847
-1654255.1,200,4450.387389
-631316.0,200,4454.575432
-672747.6,200,4458.762919
-170956.1,200,4462.802235
-1657319.8,200,4467.009698
-1754594.5,200,4471.548338
-695109.0,200,4476.008515
-1631536.0,200,4480.306066
-1601149.1,200,4484.841486
-746005.4,200,4489.27368
-1694300.1,200,4493.570341
-681509.5,200,4500.58084
-1743472.3,200,4504.889501
-732474.4,200,4509.373008
-656798.8,200,4513.779119
-727476.4,200,4517.955487
-1736938.5,200,4522.181433
-670033.7,200,4526.240931
-1611702.1,200,4530.658802
-1678367.3,200,4534.947289
-1735179.4,200,4539.25482
-1690690.8,200,4543.614525
-1657516.5,200,4547.991352
-111390.3,200,4551.961763
-1751168.7,200,4556.101268
-646665.6,200,4560.169038
-1715619.3,200,4564.622524
-1653420.8,200,4568.722859
-1647853.7,200,4573.076918
-1744718.9,200,4577.510141
-1665782.8,200,4581.755834
-656289.2,200,4588.721457
-1654515.6,200,4593.101524
-131091.1,200,4597.351953
-1670140.3,200,4601.710594
-1767775.5,200,4606.038815
-1834275.5,200,4610.510139
-1655406.0,200,4614.878803
-1711841.4,200,4619.296361
-691345.2,200,4623.640903
-651962.5,200,4627.791181
-1634532.7,200,4632.073765
-1623277.4,200,4636.436849
-1722732.0,200,4640.609346
-1642027.6,200,4644.875195
-1722633.3,200,4649.01979
-2336009.0,200,4653.435382
-1680724.2,200,4657.633123
-620757.9,200,4661.787287
-1722415.6,200,4665.999803
-732741.1,200,4670.14687
-734334.2,200,4674.456589
-1735573.5,200,4681.642664
-722192.8,200,4685.914154
-1627959.0,200,4690.071579
-110436.9,200,4694.384408
-1669297.5,200,4698.837381
-1764505.9,200,4703.222409
-1740232.0,200,4707.462136
-1705811.6,200,4711.612014
-1702460.7,200,4715.975756
-1721479.0,200,4720.170704
-1710778.1,200,4724.591887
-1609978.8,200,4728.796058
-631324.4,200,4733.055455
-1664403.1,200,4737.508909
-1692453.5,200,4741.896674
-1738645.8,200,4745.965144
-630249.2,200,4750.068032
-1698537.9,200,4754.314344
-1725528.5,200,4758.512253
-673691.2,200,4762.637589
-1734769.1,200,4769.7589
-155674.4,200,4773.907501
-140323.4,200,4777.979686
-1728929.1,200,4782.102582
-1669879.9,200,4786.307662
-658392.7,200,4790.776116
-715545.6,200,4795.170101
-1732504.7,200,4799.255724
-697982.6,200,4803.495234
-1666022.9,200,4807.612597
-720736.8,200,4811.822922
-1676285.5,200,4816.161264
-116592.0,200,4820.140555
-649655.3,200,4824.336288
-1737461.4,200,4828.513789
-1719125.6,200,4832.691812
-653471.7,200,4836.95996
-1822044.5,200,4841.229635
-1778202.0,200,4845.706814
-150606.4,200,4849.739282
-645806.0,200,4853.88057
-1677078.6,200,4860.965129
-683141.2,200,4865.229608
-1661491.1,200,4869.423818
-1665028.2,200,4873.697726
-158415.6,200,4877.673001
-1651080.1,200,4882.059064
-700208.6,200,4886.142051
-1707081.4,200,4890.534896
-149122.4,200,4894.649382
-748136.9,200,4898.809182
-663198.2,200,4902.963758
-165336.5,200,4906.98222
-1712846.6,200,4911.437441
-1663099.6,200,4915.688572
-1673479.3,200,4919.844243
-156018.1,200,4923.976045
-149460.5,200,4928.016526
-1654624.1,200,4932.159235
-590370.2,200,4936.351872
-157457.3,200,4940.299941
-1667982.2,200,4946.911887
-1651155.6,200,4951.035609
-1814231.1,200,4955.203718
-1646967.5,200,4959.10487
-709452.0,200,4963.200339
-163676.8,200,4967.141518
-1695932.5,200,4971.347194
-1657179.1,200,4975.659415
-1683717.4,200,4979.789284
-646189.6,200,4983.721483
-977869.9,200,4987.798719
-1666822.3,200,4991.876307
-1674338.2,200,4996.061098
-1672439.7,200,4999.963584
-1635788.5,200,5003.956388
-202881.0,200,5007.784536
-682576.3,200,5012.02188
-728560.7,200,5015.941109
-1656962.8,200,5020.114208
-645780.1,200,5023.939567
-1671300.9,200,5028.078666
-732935.7,200,5034.852144
-1671417.7,200,5039.023176
-670097.4,200,5042.701137
-1733183.7,200,5046.532376
-1624597.6,200,5050.617343
-1652784.5,200,5054.760367
-1673609.5,200,5058.809527
-680005.9,200,5062.739642
-684824.7,200,5066.636499
-1731755.7,200,5070.7747
-721350.0,200,5074.852309
-1694944.0,200,5079.035466
-1659185.3,200,5082.895585
-167674.3,200,5086.840748
-1742521.0,200,5090.927863
-634840.5,200,5094.993019
-1640611.5,200,5099.042275
-1711574.7,200,5103.159022
-733443.9,200,5107.409921
-159439.7,200,5111.362225
-730699.6,200,5117.839278
-1743286.7,200,5121.970807
-1738500.2,200,5126.005503
-161574.7,200,5129.832254
-1652768.4,200,5133.974902
-205932.3,200,5137.960216
-1671367.4,200,5141.831705
-1597683.9,200,5145.766392
-1651516.8,200,5149.932994
-627085.1,200,5154.136472
-140613.2,200,5157.94939
-664453.3,200,5161.995783
-1049063.4,200,5166.13889
-1729712.4,200,5170.201677
-1735031.7,200,5174.508138
-1745234.9,200,5178.453991
-1734366.7,200,5182.607893
-1699826.6,200,5186.719383
-121124.5,200,5190.430578
-666361.5,200,5194.39961
-720558.9,200,5198.589455
-643248.1,200,5205.481391
-736568.7,200,5209.566179
-1727666.3,200,5213.884184
-916413.4,200,5217.916459
-1728343.2,200,5222.124311
-717575.5,200,5226.13763
-1716024.6,200,5230.00327
-673117.2,200,5234.02376
-171452.4,200,5237.82783
-1654362.3,200,5241.954615
-703850.7,200,5245.946007
-1657068.5,200,5249.943794
-1690357.7,200,5254.187533
-1641256.9,200,5258.303508
-1677996.3,200,5262.511685
-670579.0,200,5266.402555
-1703337.8,200,5270.624817
-1626884.4,200,5274.923695
-140464.8,200,5278.991771
-1650419.2,200,5283.209935
-1639390.7,200,5290.219122
-695356.2,200,5294.507551
-1637269.0,200,5298.591503
-736237.6,200,5302.515305
-1655037.1,200,5306.248018
-740623.1,200,5310.289276
-890105.3,200,5314.441014
-170895.7,200,5318.350293
-164942.4,200,5322.336027
-1642261.5,200,5326.418016
-1726850.8,200,5330.387977
-660933.7,200,5334.344312
-731280.8,200,5338.476547
-664075.3,200,5342.447627
-188305.6,200,5346.500687
-894090.4,200,5350.433446
-1728020.5,200,5354.340744
-1625670.7,200,5358.330367
-1653936.1,200,5362.67933
-186148.9,200,5366.613593
-145842.9,200,5370.405735
-1700348.9,200,5377.091472
-1646074.3,200,5381.136518
-1663647.1,200,5385.555619
-1653778.5,200,5389.907886
-1646399.8,200,5393.87069
-1673356.0,200,5398.120222
-1813448.5,200,5402.439706
-708671.6,200,5406.681738
-281987.9,200,5410.815377
-1723612.6,200,5415.041437
-576683.7,200,5419.108099
-1740331.4,200,5423.182374
-1608980.5,200,5427.278326
-142011.7,200,5431.239849
-1721173.8,200,5435.3306
-1734198.0,200,5439.30726
-1673032.7,200,5443.44841
-641258.8,200,5447.478205
-1617737.5,200,5451.30406
-1716317.2,200,5455.492445
-1605992.2,200,5462.096191
-1659189.4,200,5466.211946
-1749828.3,200,5470.343918
-639771.3,200,5474.459788
-1722770.5,200,5478.383142
-1648824.5,200,5482.499612
-1720500.4,200,5486.609722
-118629.0,200,5490.363448
-1711779.8,200,5494.531076
-129896.9,200,5498.635719
-727886.6,200,5502.604586
-679573.3,200,5506.626482
-712051.9,200,5510.673345
-1728071.6,200,5514.769764
-1672107.2,200,5518.855564
-645324.4,200,5522.781013
-2258508.5,200,5527.034009
-639097.9,200,5531.258918
-140883.4,200,5535.247693
-1675923.0,200,5539.414973
-1736635.3,200,5543.732225
-1683656.5,200,5550.375915
-1685089.5,200,5554.628075
-1672365.6,200,5558.650767
-1734102.1,200,5562.841332
-1735955.7,200,5566.941912
-975481.5,200,5571.183964
-1716931.8,200,5575.232191
-1683339.5,200,5579.366962
-1671895.9,200,5583.443002
-1702439.8,200,5587.725956
-1671501.7,200,5591.89419
-639666.3,200,5596.118544
-749869.4,200,5600.318612
-1697829.5,200,5604.356958
-1671720.8,200,5608.374678
-1743710.3,200,5612.434026
-1733845.2,200,5616.614269
-1632854.1,200,5620.519665
-619191.3,200,5624.612535
-1723534.2,200,5628.463522
-1917938.1,200,5635.277693
-717606.4,200,5639.281
-1643554.9,200,5643.57956
-1699724.4,200,5647.843111
-675177.2,200,5651.673412
-1694011.7,200,5655.824985
-612402.7,200,5659.939843
-1658458.7,200,5663.895828
-1679522.4,200,5668.02511
-1733929.9,200,5672.145896
-1733682.8,200,5676.350378
-1708943.4,200,5680.443299
-1721513.3,200,5684.520951
-139604.5,200,5688.358477
-1661982.5,200,5692.369738
-1661754.2,200,5696.497025
-120754.9,200,5700.439085
-645816.4,200,5704.413427
-667601.2,200,5708.278822
-1736512.2,200,5712.414434
-1656315.3,200,5716.413895
-2233123.0,200,5723.49575
-703952.2,200,5727.644344
-1741939.3,200,5731.839432
-1572792.7,200,5736.078724
-677406.1,200,5740.212677
-1625084.1,200,5744.509118
-1731925.8,200,5748.802166
-650656.3,200,5752.985746
-1662378.6,200,5757.084696
-1736664.8,200,5761.218445
-1625333.3,200,5765.413657
-705823.3,200,5769.632437
-1714477.6,200,5773.933986
-1653644.1,200,5777.96817
-1648290.5,200,5782.032904
-1712935.5,200,5786.318729
-659683.5,200,5790.437308
-1727023.7,200,5794.599605
-125353.2,200,5798.51225
-1723003.6,200,5802.652187
